utla,GSS_NM,2020-01-30,2020-01-31,2020-02-01,2020-02-02,2020-02-03,2020-02-04,2020-02-05,2020-02-06,2020-02-07,2020-02-08,2020-02-09,2020-02-10,2020-02-11,2020-02-12,2020-02-13,2020-02-14,2020-02-15,2020-02-16,2020-02-17,2020-02-18,2020-02-19,2020-02-20,2020-02-21,2020-02-22,2020-02-23,2020-02-24,2020-02-25,2020-02-26,2020-02-27,2020-02-28,2020-02-29,2020-03-01,2020-03-02,2020-03-03,2020-03-04,2020-03-05,2020-03-06,2020-03-07,2020-03-08,2020-03-09,2020-03-10,2020-03-11,2020-03-12,2020-03-13,2020-03-14,2020-03-15,2020-03-16,2020-03-17,2020-03-18,2020-03-19,2020-03-20,2020-03-21,2020-03-22,2020-03-23,2020-03-24,2020-03-25,2020-03-26,2020-03-27,2020-03-28,2020-03-29,2020-03-30,2020-03-31,2020-04-01,2020-04-02,2020-04-03,2020-04-04,2020-04-05,2020-04-06,2020-04-07,2020-04-08,2020-04-09,2020-04-10,2020-04-11,2020-04-12,2020-04-13,2020-04-14,2020-04-15,2020-04-16,2020-04-17,2020-04-18,2020-04-19,2020-04-20,2020-04-21,2020-04-22,2020-04-23
E09000002,Barking and Dagenham,0,0,0,0,0,0,0,0,0,0,0,0,0,0,0,0,0,0,0,0,0,0,0,0,0,0,0,0,0,0,0,1,1,1,1,1,1,1,2,3,3,4,8,9,10,15,19,24,29,33,42,52,60,71,83,94,101,113,124,135,146,164,185,207,222,228,244,255,277,295,310,320,324,339,356,369,380,390,399,404,415,423,433,437,437
E09000003,Barnet,0,0,0,0,0,0,0,0,0,0,0,0,0,0,0,0,0,1,1,1,1,1,1,1,1,1,1,1,1,2,2,3,3,3,7,8,9,9,10,13,16,27,32,38,44,54,65,72,86,112,133,151,176,206,245,290,345,399,433,463,505,550,587,652,690,728,768,806,850,899,933,954,974,991,1013,1033,1054,1067,1081,1093,1102,1111,1130,1134,1134
E08000016,Barnsley,0,0,0,0,1,1,1,1,1,1,1,1,1,1,1,1,1,1,1,1,1,1,1,1,1,1,1,1,1,1,1,1,2,3,3,3,3,3,3,3,3,4,4,4,6,7,7,9,12,17,18,22,29,42,58,68,89,104,118,131,146,179,205,219,228,240,242,255,276,292,311,336,360,381,413,440,451,460,476,485,507,508,508,524,530
E06000022,Bath and North East Somerset,0,0,0,0,0,0,0,0,0,0,0,0,0,0,0,0,0,0,0,0,0,0,0,0,0,0,0,0,0,0,0,0,0,0,0,0,0,0,0,0,0,1,3,4,4,4,5,5,10,13,16,17,19,23,26,30,35,39,41,47,52,52,57,61,65,66,71,82,90,98,109,125,135,137,143,152,159,163,169,173,183,184,188,191,192
E06000055,Bedford,0,0,0,0,0,0,0,0,0,0,0,0,0,0,0,0,0,0,0,0,0,0,0,0,0,0,0,0,0,0,0,0,0,0,0,0,0,0,0,0,0,0,0,1,1,1,1,3,5,7,7,8,13,24,32,38,47,62,67,70,77,90,101,113,132,138,143,157,173,193,214,230,239,249,265,285,298,318,334,344,348,356,361,361,361
E09000004,Bexley,0,0,0,0,0,0,0,0,0,0,0,0,0,0,0,0,0,0,0,0,0,0,0,0,0,0,0,0,0,0,0,0,0,0,0,0,0,0,0,2,4,8,13,17,20,21,25,31,36,41,49,53,63,80,93,112,123,142,152,166,181,201,230,247,272,294,312,336,376,392,408,422,435,441,451,474,486,507,518,527,542,555,560,561,561
E08000025,Birmingham,0,0,0,0,0,0,0,0,0,0,0,0,0,0,0,0,0,0,0,0,0,0,0,0,0,0,0,0,0,0,0,1,2,2,2,3,3,3,4,5,9,15,22,36,43,55,70,94,126,161,213,243,269,334,401,460,554,624,704,809,932,1063,1171,1273,1353,1435,1505,1569,1654,1742,1803,1868,1899,1949,1994,2076,2155,2235,2324,2383,2434,2486,2535,2552,2552
E06000008,Blackburn with Darwen,0,0,0,0,0,0,0,0,0,0,0,0,0,0,0,0,0,0,0,0,0,0,0,0,0,0,0,0,0,0,0,0,0,0,0,0,0,0,0,0,0,0,0,1,1,1,1,1,1,1,3,3,4,7,11,12,14,18,22,30,38,46,54,66,75,85,93,103,116,127,143,155,165,177,188,204,214,225,230,244,249,257,265,265,265
E06000009,Blackpool,0,0,0,0,0,0,0,0,0,0,0,0,0,0,0,0,0,0,0,0,0,0,0,0,0,0,0,0,0,0,0,0,0,0,0,0,0,0,0,0,1,1,2,2,3,3,4,6,6,6,7,8,8,9,10,11,15,17,22,26,32,44,49,67,75,89,92,98,108,121,132,148,163,174,189,197,210,226,246,269,290,311,332,333,333
E08000001,Bolton,0,0,0,0,0,0,0,0,0,0,0,0,0,0,0,0,0,0,0,0,0,0,0,0,0,0,0,0,0,0,0,1,1,1,1,2,2,3,3,3,3,5,6,7,7,9,12,13,16,18,20,21,24,26,31,36,42,49,60,63,80,102,127,144,179,202,217,248,269,311,349,377,407,427,459,488,518,541,567,582,605,622,639,643,643
E06000058,"Bournemouth, Christchurch and Poole",0,0,0,0,0,0,0,0,0,0,0,0,0,0,0,0,0,0,0,0,0,0,0,0,0,0,0,0,0,0,0,0,0,0,0,2,3,3,3,3,5,5,8,8,9,9,9,10,11,12,12,15,16,17,22,27,36,45,52,58,71,77,92,104,115,123,135,153,172,187,204,226,233,255,269,287,295,321,334,346,354,363,370,371,371
E06000036,Bracknell Forest,0,0,0,0,0,0,0,0,0,0,0,0,0,0,0,0,0,0,0,0,0,0,0,0,0,0,0,0,0,0,0,0,0,1,1,1,1,1,1,3,3,3,3,3,3,4,5,6,6,7,8,13,15,17,18,20,23,25,30,34,37,46,56,59,69,76,80,83,94,104,107,111,120,127,142,152,157,162,168,173,175,180,183,183,183
E08000032,Bradford,0,0,0,0,0,0,0,0,0,0,0,0,0,0,0,0,0,0,0,0,0,0,0,0,0,0,0,0,0,0,0,1,1,1,1,1,1,1,1,1,3,3,5,5,7,7,7,10,12,12,14,17,20,26,35,42,52,72,86,106,129,149,170,189,213,234,262,298,331,368,396,414,431,453,466,483,522,538,570,590,597,618,643,666,669
E09000005,Brent,0,0,0,0,0,0,0,0,0,0,0,0,0,0,0,0,0,0,0,0,0,0,0,0,0,0,0,0,0,1,1,1,1,1,1,1,1,2,3,6,10,20,30,33,40,48,58,81,103,125,146,164,190,236,264,310,354,402,434,487,544,589,644,702,758,807,844,881,909,952,980,1020,1042,1068,1094,1128,1154,1188,1218,1242,1256,1272,1287,1289,1289
E06000043,Brighton and Hove,0,0,0,0,0,0,0,0,0,1,2,2,2,2,2,2,2,2,2,2,2,2,2,2,2,2,2,2,2,2,2,2,2,2,3,3,3,4,4,4,6,6,6,8,8,10,12,12,16,18,21,24,27,31,38,44,53,65,73,82,88,94,113,125,136,149,160,170,186,205,211,222,230,241,250,263,278,289,304,316,324,331,337,337,337
E06000023,"Bristol, City of",0,0,0,0,0,0,0,0,0,0,0,0,0,0,0,0,0,0,0,0,0,0,0,0,0,0,0,0,0,0,0,0,0,1,1,1,2,3,3,3,4,4,5,8,10,11,11,15,22,24,28,36,41,50,54,66,80,94,104,116,133,151,168,183,203,213,227,240,261,289,306,324,350,364,380,397,419,447,461,474,486,507,521,541,543
E09000006,Bromley,0,0,0,0,0,0,0,0,0,0,0,0,0,0,0,0,0,0,0,0,0,0,0,0,0,0,0,0,0,0,0,1,1,1,1,1,1,1,2,3,5,10,16,20,26,34,40,49,62,68,86,102,126,161,191,216,245,275,307,329,368,412,461,498,528,561,587,624,660,703,734,757,780,791,822,842,866,891,913,925,934,946,958,959,959
E10000002,Buckinghamshire,0,0,0,0,0,0,0,0,0,0,0,0,0,0,0,0,0,0,0,0,0,0,0,0,0,0,0,0,0,0,0,1,1,1,2,2,3,4,5,7,14,18,28,34,37,39,48,54,60,66,73,84,96,104,113,136,146,163,184,195,224,247,266,298,322,343,356,382,419,451,473,499,518,525,546,567,592,620,649,667,683,694,709,709,709
E08000002,Bury,0,0,0,0,0,0,0,0,0,0,0,0,0,0,0,0,0,0,0,0,0,0,0,0,0,0,0,0,0,0,0,3,3,3,3,3,3,4,4,4,4,4,4,7,7,7,8,10,12,14,15,17,24,27,35,38,52,61,71,78,94,100,116,124,142,153,168,181,193,207,217,233,249,258,263,267,291,305,333,346,352,374,382,382,382
E08000033,Calderdale,0,0,0,0,0,0,0,0,0,0,0,0,0,0,0,0,0,0,0,0,0,0,0,0,0,0,0,0,0,0,0,0,0,0,0,0,0,0,0,0,1,3,3,3,3,3,5,5,5,5,5,7,7,9,10,14,20,26,31,40,52,57,63,74,86,94,97,107,113,122,128,139,142,150,156,164,176,181,189,193,195,199,205,209,210
E10000003,Cambridgeshire,0,0,0,0,0,0,0,0,0,0,0,0,0,0,0,0,0,0,0,0,0,0,0,0,0,0,0,0,0,0,0,0,0,1,1,2,2,2,2,2,5,6,10,14,14,16,17,18,27,34,43,52,57,71,88,105,117,135,144,156,181,201,214,236,253,272,298,317,343,370,400,424,438,451,464,484,498,528,554,562,578,599,621,624,624
E09000007,Camden,0,0,0,0,0,0,0,0,0,0,0,0,0,0,0,0,0,0,0,0,0,0,0,0,0,0,0,0,0,0,0,0,2,2,2,2,3,4,6,7,9,19,24,29,30,33,36,40,50,55,61,76,87,102,122,144,172,192,203,209,226,244,263,288,307,329,345,362,381,403,420,430,439,447,460,469,489,499,509,523,528,535,541,543,543
E06000056,Central Bedfordshire,0,0,0,0,0,0,0,0,0,0,0,0,0,0,0,0,0,0,0,0,0,0,0,0,0,0,0,0,0,0,0,0,0,0,0,0,0,0,0,0,2,3,3,6,6,11,11,11,17,21,23,26,32,42,51,57,65,77,87,92,103,122,136,159,173,185,201,221,239,255,272,290,304,321,330,346,359,365,387,398,400,411,424,427,427
E06000049,Cheshire East,0,0,0,0,0,0,0,0,0,0,0,0,0,0,0,0,0,0,0,0,0,0,0,0,0,0,0,0,0,0,0,0,0,0,0,0,0,0,0,0,1,2,5,7,10,11,11,15,19,23,24,27,32,34,41,53,63,77,85,98,110,128,159,187,201,220,247,280,308,340,377,405,434,453,484,512,538,572,602,626,647,667,687,702,702
E06000050,Cheshire West and Chester,0,0,0,0,0,0,0,0,0,0,0,0,0,0,0,0,0,0,0,0,0,0,0,0,0,0,0,0,0,0,0,0,1,1,1,1,1,1,1,1,3,5,6,6,6,8,10,11,13,17,20,21,24,29,33,38,43,60,71,94,110,128,157,183,219,250,282,313,343,371,399,424,439,466,481,503,524,544,577,590,608,625,662,665,665
E09000001,City of London,0,0,0,0,0,0,0,0,0,0,0,0,0,0,0,0,0,0,0,0,0,0,0,0,0,0,0,0,0,0,0,0,0,0,0,0,0,0,0,0,0,0,0,0,0,0,0,0,0,0,5,5,5,5,5,5,6,7,7,8,10,11,11,11,11,11,11,11,11,13,13,13,13,13,13,13,13,13,13,13,13,15,16,16,16
E06000052,Cornwall and Isles of Scilly,0,0,0,0,0,0,0,0,0,0,0,0,0,0,0,0,0,0,0,0,0,0,0,0,0,0,0,0,0,0,0,0,1,1,2,3,5,5,5,6,7,8,8,9,10,11,14,16,21,23,29,32,35,41,44,48,59,74,84,95,106,126,147,164,182,197,208,227,241,257,275,287,300,320,341,351,359,384,398,411,417,425,435,438,444
E06000047,County Durham,0,0,0,0,0,0,0,0,0,0,0,0,0,0,0,0,0,0,0,0,0,0,0,0,0,0,0,0,0,0,0,0,0,0,0,0,0,0,0,1,1,1,1,1,2,3,3,5,7,9,12,15,18,28,34,47,61,75,94,106,126,148,200,236,273,304,330,416,479,532,590,646,697,726,771,809,853,890,927,973,1000,1050,1095,1112,1115
E08000026,Coventry,0,0,0,0,0,0,0,0,0,0,0,0,0,0,0,0,0,0,0,0,0,0,0,0,0,0,0,0,0,0,0,0,0,0,0,1,2,2,3,3,3,5,7,7,7,7,13,17,21,26,27,36,42,53,72,88,107,120,138,155,178,207,235,255,277,295,305,330,352,362,387,402,417,438,456,469,491,507,527,539,544,569,590,591,591
E09000008,Croydon,0,0,0,0,0,0,0,0,0,0,0,0,0,0,0,0,0,0,0,0,0,0,0,0,0,0,0,0,0,0,0,0,0,0,0,0,0,1,1,2,2,7,15,20,34,40,53,74,89,98,123,148,172,208,235,278,322,364,386,412,468,515,570,650,698,743,779,821,866,922,965,990,1012,1038,1064,1112,1148,1179,1198,1222,1230,1255,1267,1268,1268
E10000006,Cumbria,0,0,0,0,0,0,0,0,0,0,0,0,0,0,0,0,0,0,0,0,0,0,0,0,0,0,0,0,0,0,0,0,0,2,2,4,4,5,8,9,9,12,18,25,31,32,44,56,79,105,117,140,156,183,228,275,325,378,407,456,490,558,632,699,743,795,874,971,1043,1130,1199,1233,1258,1292,1344,1396,1432,1469,1500,1523,1542,1580,1613,1632,1633
E06000005,Darlington,0,0,0,0,0,0,0,0,0,0,0,0,0,0,0,0,0,0,0,0,0,0,0,0,0,0,0,0,0,0,0,0,0,0,0,0,1,1,1,1,1,1,2,2,2,2,2,2,2,3,3,3,3,4,6,9,12,14,16,17,26,28,32,37,43,53,55,76,87,107,121,125,134,149,153,160,170,175,181,189,194,207,217,218,218
E06000015,Derby,0,0,0,0,0,0,0,0,0,0,0,0,0,0,0,0,0,0,0,0,0,0,0,0,0,0,0,0,0,0,0,0,0,0,0,0,1,1,1,1,3,5,5,6,7,11,17,20,24,34,37,45,59,76,97,108,116,124,145,165,187,211,241,260,282,300,302,304,318,329,340,352,365,374,378,383,391,395,406,409,413,422,425,431,431
E10000007,Derbyshire,0,0,0,0,0,0,0,0,0,0,0,0,0,0,0,0,0,0,0,0,0,0,0,0,0,0,1,1,1,1,1,1,3,4,6,6,7,7,8,11,13,19,21,29,35,45,62,71,82,90,101,121,143,175,196,216,236,264,301,328,367,418,469,495,530,563,571,596,632,675,711,737,760,781,810,841,872,900,938,945,972,995,1027,1035,1038
E10000008,Devon,0,0,0,0,2,2,2,2,2,2,2,2,2,2,2,2,2,2,2,2,2,2,2,2,2,2,2,2,2,2,2,2,5,11,14,15,19,19,20,20,21,22,24,30,32,35,39,41,44,44,47,48,52,57,63,78,93,105,118,128,137,152,177,200,219,252,272,286,311,323,344,372,388,419,443,468,493,513,544,558,565,583,597,604,604
E08000017,Doncaster,0,0,0,0,0,0,0,0,0,0,0,0,0,0,0,0,0,0,0,0,0,0,0,0,0,0,0,0,0,0,0,0,0,0,0,0,0,0,0,0,2,2,2,2,2,2,4,6,7,11,15,15,23,26,35,46,55,59,78,94,113,127,144,155,171,178,178,179,187,202,227,231,239,247,256,259,279,300,319,334,341,342,343,344,350
E06000059,Dorset,0,0,0,0,0,0,0,0,0,0,0,0,0,0,0,0,0,0,0,0,0,0,0,0,0,0,0,0,0,0,0,0,0,0,0,0,0,0,0,0,1,2,4,5,7,8,8,10,11,13,16,19,25,29,31,34,44,50,58,65,77,82,97,107,122,129,135,147,156,173,190,202,205,210,214,222,230,234,243,251,257,264,267,272,272
E08000027,Dudley,0,0,0,0,0,0,0,0,0,0,0,0,0,0,0,0,0,0,0,0,0,0,0,0,0,0,0,0,0,0,0,0,0,0,0,0,0,1,1,3,4,4,8,9,11,15,18,20,26,36,47,53,62,79,92,109,133,147,164,188,216,238,256,286,302,329,349,367,386,402,415,443,463,475,491,501,525,562,581,609,621,637,651,653,653
E09000009,Ealing,0,0,0,0,0,0,0,0,0,0,0,0,0,0,1,1,1,1,1,1,1,1,1,1,1,1,1,1,1,1,1,2,3,4,5,6,6,7,8,8,13,23,27,30,32,40,54,62,80,98,114,125,143,172,207,242,272,309,329,354,382,421,447,488,518,544,558,588,632,668,698,743,769,790,824,851,893,909,926,939,950,969,983,988,988
E06000011,East Riding of Yorkshire,0,0,0,0,0,0,0,0,0,0,0,0,0,0,0,0,0,0,0,0,0,0,0,0,0,0,0,0,0,0,0,0,0,0,0,0,0,0,0,0,2,4,6,10,10,10,12,13,14,16,16,16,18,23,25,31,34,37,40,50,62,77,86,93,105,119,129,149,169,189,198,220,226,242,259,286,308,329,342,355,376,400,421,429,429
E10000011,East Sussex,0,0,0,0,0,0,0,0,0,0,0,0,0,0,0,0,0,0,0,0,0,0,0,0,0,0,0,0,0,0,0,0,0,0,0,0,0,0,0,0,0,3,5,6,6,6,7,13,16,20,24,28,32,36,45,56,70,83,91,103,117,144,165,182,194,215,227,246,274,292,319,337,349,361,374,387,404,418,438,452,458,468,481,487,491
E09000010,Enfield,0,0,0,0,0,0,0,0,0,0,0,0,0,0,0,0,0,0,1,1,1,1,1,1,1,1,1,1,1,1,1,1,1,1,1,1,2,2,3,4,9,11,17,21,28,30,32,44,51,66,86,94,112,133,157,178,193,208,228,237,263,289,316,342,368,387,399,433,466,497,527,552,573,595,609,644,655,673,703,713,720,744,757,763,763
E10000012,Essex,0,0,0,0,0,0,0,0,0,0,0,0,0,0,0,0,0,0,0,0,0,0,0,0,0,0,0,0,0,1,1,1,1,2,4,4,5,5,5,6,8,11,18,29,33,39,44,54,63,73,88,107,137,188,225,293,355,425,482,536,612,699,807,907,1000,1084,1137,1237,1328,1419,1482,1539,1600,1647,1729,1779,1841,1895,1940,1980,2008,2069,2115,2119,2119
E08000037,Gateshead,0,0,0,0,0,0,0,0,0,0,0,0,0,0,0,0,0,0,0,0,0,0,0,0,0,0,0,0,0,0,0,0,0,0,0,0,0,0,0,0,0,0,1,1,1,1,1,2,2,2,3,5,5,10,17,18,28,32,45,53,83,102,135,158,177,208,228,270,314,358,394,427,453,473,493,518,539,553,573,598,614,628,660,675,698
E10000013,Gloucestershire,0,0,0,0,0,0,0,0,0,0,0,0,0,0,0,0,0,0,0,0,0,0,0,0,0,0,0,1,1,1,1,2,2,2,3,3,3,3,4,5,5,7,9,12,12,15,19,24,32,34,41,50,58,65,79,103,118,137,160,177,210,240,274,305,335,379,410,446,500,558,599,662,694,732,772,799,841,898,924,956,985,1005,1039,1053,1053
E09000011,Greenwich,0,0,0,0,0,0,0,0,0,0,0,0,0,0,0,0,0,0,0,0,0,0,0,0,0,0,0,0,0,0,0,0,0,0,0,0,0,1,1,1,4,8,14,19,21,27,32,46,58,64,78,96,102,115,132,151,162,180,196,208,221,251,280,303,326,339,360,397,413,436,454,468,479,493,504,533,547,556,564,570,574,582,588,592,592
E09000012,Hackney,0,0,0,0,0,0,0,0,0,0,0,0,0,0,0,0,0,0,0,0,1,1,1,1,1,1,1,1,1,1,1,1,1,1,1,1,2,2,3,5,6,14,20,23,28,30,36,43,48,56,65,70,84,104,124,140,163,178,190,204,222,253,285,323,348,372,392,415,442,459,475,489,504,514,522,529,541,547,556,561,566,578,580,585,586
E06000006,Halton,0,0,0,0,0,0,0,0,0,0,0,0,0,0,0,0,0,0,0,0,0,0,0,0,0,0,0,0,0,0,0,0,0,0,0,0,0,0,0,0,0,0,2,3,4,4,5,7,7,7,8,8,8,8,13,16,18,25,34,36,48,57,65,79,97,109,124,148,160,174,189,201,212,216,224,234,246,256,266,272,280,287,292,293,293
E09000013,Hammersmith and Fulham,0,0,0,0,0,0,0,0,0,0,0,0,0,0,0,0,0,0,0,0,0,0,0,0,0,0,0,0,0,0,0,0,0,0,1,1,3,3,3,6,9,20,21,24,26,29,32,40,49,52,60,72,86,100,114,132,156,164,176,183,195,212,238,260,279,295,305,321,343,362,372,388,392,399,408,417,445,470,485,489,495,503,517,524,524
E10000014,Hampshire,0,0,0,0,0,0,0,0,0,0,0,0,0,0,0,0,0,0,0,0,0,0,0,0,0,0,0,0,1,1,1,1,1,1,2,3,9,9,10,17,19,28,52,67,72,83,102,117,134,159,189,212,247,296,330,373,429,487,566,615,700,778,849,936,1025,1098,1172,1274,1389,1475,1548,1631,1683,1754,1833,1897,1991,2066,2152,2212,2262,2343,2403,2437,2439
E09000014,Haringey,0,0,0,0,0,0,0,0,0,0,0,0,0,0,0,0,0,0,0,0,0,0,0,0,0,0,0,0,0,0,0,0,0,0,0,0,0,0,1,3,6,12,19,27,28,32,34,38,51,61,72,83,94,109,128,140,149,167,183,199,219,237,259,286,312,329,337,349,378,391,411,422,431,443,457,467,480,484,489,492,505,507,512,514,514
E09000015,Harrow,0,0,0,0,0,0,0,0,0,0,0,0,0,0,0,0,0,0,0,0,0,0,0,0,0,0,0,0,0,0,0,0,0,1,1,1,1,1,1,6,7,12,20,24,33,39,51,65,88,99,113,131,146,165,191,219,249,288,315,337,366,393,416,447,470,494,520,545,575,601,632,659,675,688,711,726,740,756,774,786,800,813,836,841,841
E06000001,Hartlepool,0,0,0,0,0,0,0,0,0,0,0,0,0,0,0,0,0,0,0,0,0,0,0,0,0,0,0,0,0,0,0,0,0,0,0,0,0,0,0,0,0,0,0,0,0,0,1,1,2,2,3,3,3,3,3,5,6,8,11,12,17,20,23,25,30,36,39,48,59,65,74,78,82,88,91,99,106,111,111,121,125,130,131,131,131
E09000016,Havering,0,0,0,0,0,0,0,0,0,0,0,0,0,0,0,0,0,0,0,0,0,0,0,0,0,0,0,0,0,0,0,0,0,0,0,0,2,2,2,3,3,5,6,7,9,13,15,18,29,36,40,46,58,68,84,98,109,119,125,135,151,177,206,236,268,289,309,331,364,395,420,446,464,483,500,514,530,549,557,566,575,587,593,600,601
E06000019,"Herefordshire, County of",0,0,0,0,0,0,0,0,0,0,0,0,0,0,0,0,0,0,0,0,0,0,0,0,0,0,0,0,0,0,0,0,0,0,0,0,1,1,1,1,1,1,1,2,3,6,6,7,7,7,12,12,15,21,24,24,25,27,31,35,40,49,55,59,64,68,72,83,86,91,96,102,108,117,124,129,132,137,143,153,159,173,184,198,198
E10000015,Hertfordshire,0,0,0,0,1,1,1,1,1,1,1,1,1,1,1,1,1,1,1,1,1,1,1,1,1,1,1,1,1,1,1,4,4,9,11,11,15,17,19,21,26,32,34,43,47,62,68,73,97,120,141,161,174,232,277,333,382,434,479,542,628,705,789,891,968,1021,1083,1174,1252,1337,1415,1491,1546,1597,1654,1715,1768,1825,1872,1911,1944,1987,2024,2034,2034
E09000017,Hillingdon,0,0,0,0,0,0,0,0,0,0,0,0,0,0,0,0,0,0,0,0,0,0,0,0,0,0,0,0,0,0,0,0,1,1,2,4,4,4,6,6,8,10,14,17,18,23,32,48,53,66,77,86,96,113,131,148,168,194,205,223,242,275,297,314,358,375,391,414,441,459,491,511,528,539,556,573,587,601,621,637,647,668,677,680,680
E09000018,Hounslow,0,0,0,0,0,0,0,0,0,0,0,0,0,0,0,0,0,0,0,0,0,0,0,0,0,0,0,0,0,1,1,2,3,4,4,4,4,4,4,4,6,12,13,18,22,27,36,44,54,67,74,88,96,113,128,145,160,187,195,210,234,256,288,321,345,361,380,398,421,444,468,484,493,503,512,533,546,556,567,577,588,599,610,613,613
E06000046,Isle of Wight,0,0,0,0,0,0,0,0,0,0,0,0,0,0,0,0,0,0,0,0,0,0,0,0,0,0,0,0,0,0,0,0,0,0,1,1,1,1,1,1,2,2,2,2,2,2,2,2,2,2,3,4,8,10,10,11,12,13,15,15,18,19,26,27,28,31,33,37,39,44,46,51,53,55,56,56,60,68,69,72,73,73,78,82,82
E09000019,Islington,0,0,0,0,0,0,0,0,0,0,0,0,0,0,0,0,0,0,0,0,0,0,0,0,1,1,1,1,1,1,1,1,1,1,1,1,1,1,2,2,4,6,16,22,27,33,38,45,53,62,65,73,81,104,124,135,143,158,165,176,194,210,227,249,263,276,280,289,301,312,323,327,330,337,343,350,358,364,375,378,378,386,388,389,389
E09000020,Kensington and Chelsea,0,0,0,0,0,0,0,0,0,0,0,0,0,0,0,0,0,0,0,0,0,0,0,0,0,0,0,0,1,2,2,2,6,6,10,16,16,17,19,23,33,43,49,52,55,56,62,69,77,82,87,92,98,106,113,127,149,169,178,187,209,227,243,263,278,285,291,302,321,341,359,370,374,377,384,390,394,403,411,417,417,423,429,429,429
E10000016,Kent,0,1,1,1,2,2,2,2,2,2,2,2,2,2,2,2,2,2,2,2,2,2,2,2,2,2,2,2,2,2,2,2,2,3,3,5,6,6,7,9,13,16,22,29,34,39,47,52,64,78,94,101,122,170,207,261,316,374,423,482,544,637,748,830,922,989,1061,1203,1323,1426,1543,1669,1728,1845,1963,2030,2206,2372,2554,2657,2725,2838,2945,2959,2959
E06000010,"Kingston upon Hull, City of",0,0,0,0,0,0,0,0,0,0,0,0,0,0,0,0,0,0,0,0,0,0,0,0,0,0,0,0,0,0,0,1,1,1,1,1,1,1,1,1,1,1,1,1,1,1,1,1,1,1,1,4,4,4,5,8,11,13,13,16,19,21,26,34,44,52,56,71,83,92,105,123,137,147,162,190,222,232,247,271,288,312,322,342,342
E09000021,Kingston upon Thames,0,0,0,0,0,0,0,0,0,0,0,0,0,0,0,0,0,0,0,0,0,0,0,0,0,0,0,0,0,0,1,1,1,1,1,1,1,1,2,2,2,3,4,5,8,10,15,21,23,29,35,36,37,48,64,77,90,101,107,120,139,151,160,176,196,207,216,229,247,268,287,297,301,310,321,337,350,369,378,391,393,402,411,411,411
E08000034,Kirklees,0,0,0,0,0,0,0,0,0,0,0,0,0,0,0,0,0,0,0,0,0,0,0,0,0,0,0,0,0,0,0,0,0,0,0,0,0,0,0,1,2,3,3,3,3,4,6,7,12,14,18,21,24,28,34,44,55,65,74,89,108,127,151,173,194,208,220,248,274,295,310,322,337,343,362,386,398,417,428,440,451,458,468,470,473
E08000011,Knowsley,0,0,0,0,0,0,0,0,0,0,0,0,0,0,0,0,0,0,0,0,0,0,0,0,0,0,0,0,0,0,0,0,0,0,0,0,0,0,0,0,0,0,1,1,1,3,3,3,5,5,6,9,11,12,16,26,33,40,50,62,83,96,114,136,157,175,190,224,239,258,287,299,315,323,338,346,371,391,417,422,430,445,461,469,471
E09000022,Lambeth,0,0,0,0,0,0,0,0,0,0,0,0,0,0,0,0,0,0,0,0,0,0,0,0,0,0,0,0,0,0,0,0,0,1,2,2,3,5,5,7,15,29,33,44,54,67,83,104,121,143,174,192,225,253,279,315,358,393,430,457,509,549,598,639,678,709,726,767,807,839,869,885,930,946,962,973,996,1014,1024,1035,1046,1060,1066,1071,1071
E10000017,Lancashire,0,0,0,0,0,0,0,0,0,0,0,0,0,0,0,0,0,0,0,0,0,0,0,0,0,0,0,0,0,0,0,2,2,2,2,4,4,4,4,5,5,7,12,15,15,17,24,28,38,52,60,69,85,120,161,199,262,307,348,384,481,568,659,753,865,955,1049,1162,1267,1364,1467,1538,1628,1689,1770,1857,1935,2025,2106,2181,2229,2302,2369,2380,2381
E08000035,Leeds,0,0,0,0,0,0,0,0,0,0,0,0,0,0,0,0,0,0,0,0,0,0,0,0,0,0,0,0,0,1,1,2,2,2,3,3,3,5,5,8,8,11,12,12,12,14,15,18,22,28,35,41,52,68,86,97,118,139,165,186,213,237,268,298,335,352,388,437,502,547,589,636,671,709,737,772,825,877,927,960,993,1035,1097,1111,1111
E06000016,Leicester,0,0,0,0,0,0,0,0,0,0,0,0,0,0,0,0,0,0,0,0,0,0,0,0,0,0,0,0,0,0,0,0,0,0,0,0,0,0,0,0,0,1,2,3,3,3,5,8,13,19,21,26,33,44,64,69,82,90,101,102,107,134,167,191,217,232,252,278,300,320,351,371,388,410,419,432,447,457,468,483,506,534,548,559,560
E10000018,Leicestershire,0,0,0,0,0,0,0,0,0,0,0,0,0,0,0,0,0,0,0,0,0,0,0,0,0,0,0,0,1,1,1,2,2,2,2,3,4,4,4,7,7,11,13,15,16,18,20,24,36,52,58,67,92,110,131,144,160,175,190,194,208,252,297,316,342,362,393,424,444,462,496,523,546,558,571,593,620,666,700,716,736,766,792,802,802
E09000023,Lewisham,0,0,0,0,0,0,0,0,0,0,0,0,1,1,1,1,1,1,1,1,1,1,1,1,1,1,1,1,1,1,1,1,1,1,2,2,2,3,3,3,4,9,18,21,23,29,40,48,57,73,95,103,122,149,164,188,213,247,268,293,320,358,393,446,492,520,548,592,621,644,676,684,698,710,738,752,771,786,813,819,825,833,857,857,857
E10000019,Lincolnshire,0,0,0,0,0,0,0,0,0,0,0,0,0,0,0,0,0,0,0,0,0,0,0,0,0,0,0,0,0,0,0,0,0,2,2,2,2,2,2,3,7,9,12,12,12,14,14,16,21,24,29,33,35,43,56,67,90,107,129,144,172,198,231,245,282,301,322,359,388,403,425,454,477,501,523,554,579,614,636,650,677,703,720,725,725
E08000012,Liverpool,0,0,0,0,0,0,0,0,0,0,0,0,0,0,0,0,0,0,0,0,0,0,0,0,0,0,0,0,0,0,0,0,1,3,3,3,4,5,5,5,6,6,9,11,13,13,16,20,29,35,45,59,72,90,115,139,173,200,227,263,306,347,394,450,509,556,602,654,719,792,858,892,931,966,1003,1032,1070,1114,1150,1169,1190,1219,1248,1257,1257
E06000032,Luton,0,0,0,0,0,0,0,0,0,0,0,0,0,0,0,0,0,0,0,0,0,0,0,0,0,0,0,0,0,0,0,0,0,0,2,2,2,2,2,2,2,2,2,3,3,3,3,8,14,18,27,30,35,42,57,68,77,89,99,109,125,151,168,191,209,223,250,278,308,343,359,381,397,420,435,459,468,472,496,529,530,539,549,554,554
E08000003,Manchester,0,0,0,0,0,0,0,0,0,0,0,0,0,0,0,0,0,0,0,0,0,0,0,0,0,0,0,0,0,0,0,0,0,1,2,4,4,4,4,6,7,8,8,15,15,18,24,28,31,35,39,42,46,58,66,81,103,117,148,171,195,228,256,290,320,360,396,464,518,563,613,645,686,717,746,783,813,828,841,866,884,917,944,951,951
E06000035,Medway,0,0,0,0,0,0,0,0,0,0,0,0,0,0,0,0,0,0,0,0,0,0,0,0,0,0,0,0,1,1,1,1,1,1,3,3,3,3,3,3,3,7,8,11,11,13,14,16,17,20,22,32,35,46,62,72,83,91,100,109,119,136,169,193,208,232,251,281,318,340,360,383,401,414,425,438,455,471,496,512,523,541,551,556,557
E09000024,Merton,0,0,0,0,0,0,0,0,0,0,0,0,0,0,0,0,0,0,0,0,0,0,0,0,0,0,0,0,0,0,0,1,1,1,1,1,3,3,3,4,10,17,20,27,33,34,40,50,63,74,83,90,98,113,136,159,173,197,211,224,247,275,302,335,358,372,389,426,443,457,479,491,509,518,538,550,560,574,590,596,602,612,621,621,621
E06000002,Middlesbrough,0,0,0,0,0,0,0,0,0,0,0,0,0,0,0,0,0,0,0,0,0,0,0,0,0,0,0,0,0,0,0,0,0,0,0,0,0,0,0,0,0,0,0,0,1,1,1,1,2,2,4,5,7,8,10,17,24,31,41,55,72,87,110,123,149,170,191,208,233,238,256,273,288,302,321,341,352,364,382,404,415,431,449,451,451
E06000042,Milton Keynes,0,0,0,0,0,0,0,0,0,0,0,0,0,0,0,0,0,0,0,0,0,0,0,0,1,1,1,1,1,1,1,1,1,2,2,2,3,3,3,3,3,3,4,4,5,6,6,9,21,27,29,33,35,57,71,81,88,98,108,118,132,149,163,175,187,197,218,237,257,268,281,298,312,318,333,349,361,377,390,395,402,407,412,412,412
E08000021,Newcastle upon Tyne,0,0,0,0,0,0,0,0,0,0,0,0,0,0,0,0,0,0,0,0,0,0,0,0,0,0,0,0,0,0,0,0,1,1,2,3,3,4,4,4,5,5,5,7,9,13,13,19,22,27,35,44,49,67,87,106,125,145,157,187,206,240,281,312,344,367,391,430,470,500,541,570,590,607,627,658,675,696,714,731,748,765,783,790,790
E09000025,Newham,0,0,0,0,0,0,0,0,0,0,0,0,0,0,0,0,0,0,0,0,0,0,0,0,0,0,0,0,0,0,0,0,0,0,0,0,0,0,0,1,2,5,7,10,14,21,30,35,47,53,67,73,86,112,124,157,195,233,268,289,326,370,410,444,501,544,568,609,649,685,718,742,770,784,804,819,836,849,864,872,878,887,899,909,912
E10000020,Norfolk,0,0,0,0,0,0,0,0,0,0,0,0,0,0,0,0,0,0,0,0,0,0,0,0,0,0,0,0,0,0,0,0,0,0,0,0,0,0,0,0,1,2,3,9,10,11,17,23,32,35,38,44,50,62,76,88,114,134,157,178,205,230,252,279,322,351,387,434,485,542,595,643,695,735,789,845,900,947,1002,1042,1096,1137,1180,1207,1208
E06000012,North East Lincolnshire,0,0,0,0,0,0,0,0,0,0,0,0,0,0,0,0,0,0,0,0,0,0,0,0,0,0,0,0,0,0,0,0,0,0,0,0,0,0,0,0,0,0,0,0,0,0,0,0,1,1,2,3,4,6,10,15,18,21,22,25,29,31,36,37,47,50,52,58,61,65,69,73,78,80,84,90,90,91,100,102,103,107,109,114,114
E06000013,North Lincolnshire,0,0,0,0,0,0,0,0,0,0,0,0,0,0,0,0,0,0,0,0,0,0,0,0,0,0,0,0,0,0,0,0,0,0,0,0,1,1,1,1,1,1,1,1,1,1,2,2,2,4,5,5,5,6,7,10,13,15,17,23,26,34,42,46,59,63,63,70,75,85,102,105,121,129,136,152,168,180,199,211,218,235,245,256,257
E06000024,North Somerset,0,0,0,0,0,0,0,0,0,0,0,0,0,0,0,0,0,0,0,0,0,0,0,0,0,0,0,0,0,0,0,0,0,0,0,0,0,0,0,1,1,6,11,13,15,16,16,17,17,17,19,20,20,20,21,28,31,37,39,43,51,55,63,69,77,83,87,93,97,102,113,117,124,125,130,135,144,147,165,171,173,177,184,190,190
E08000022,North Tyneside,0,0,0,0,0,0,0,0,0,0,0,0,0,0,0,0,0,0,0,0,0,0,0,0,0,0,0,0,0,0,0,0,0,0,0,1,1,1,1,2,2,2,2,5,6,6,7,8,11,14,17,17,19,23,27,31,37,48,65,72,75,94,129,143,156,180,198,230,256,274,290,298,314,321,335,346,357,367,379,396,400,407,413,421,421
E10000023,North Yorkshire,0,0,0,0,0,0,0,0,0,0,0,0,0,0,0,0,0,0,0,0,0,0,0,0,0,0,0,0,0,0,0,0,0,1,1,1,2,2,2,3,5,5,8,10,11,11,14,16,19,22,30,41,43,56,65,77,89,107,120,134,165,184,216,235,267,294,316,346,378,407,433,457,481,508,535,550,586,610,631,649,664,704,729,739,740
E10000021,Northamptonshire,0,0,0,0,0,0,0,0,0,0,0,0,0,0,0,0,0,0,0,0,0,0,0,0,0,0,0,0,0,0,1,1,1,2,2,3,5,6,6,8,8,12,15,17,19,20,21,25,25,35,45,52,65,82,98,128,149,169,188,211,264,312,366,417,473,515,549,592,616,649,682,709,742,761,779,812,841,868,883,908,939,954,964,966,966
E06000057,Northumberland,0,0,0,0,0,0,0,0,0,0,0,0,0,0,0,0,0,0,0,0,0,0,0,0,0,0,0,0,0,0,0,0,0,0,0,0,0,0,0,0,0,0,0,1,1,3,4,6,7,9,10,10,13,20,28,36,48,55,65,71,78,95,135,159,181,206,229,257,287,322,358,382,421,458,489,520,539,556,581,605,625,648,671,681,681
E06000018,Nottingham,0,0,0,0,0,0,0,0,0,0,0,0,0,0,0,0,0,0,0,0,0,0,0,0,0,0,0,0,0,1,1,1,1,1,1,2,2,3,3,4,7,7,10,14,15,17,18,23,25,29,36,42,51,56,63,72,88,97,101,108,119,133,149,169,185,200,211,232,254,270,282,296,308,319,332,342,351,366,386,389,399,417,437,451,451
E10000024,Nottinghamshire,0,0,0,0,0,0,0,0,0,0,0,0,0,0,0,0,0,0,0,0,0,0,1,1,1,1,1,1,1,1,1,1,1,4,4,4,6,8,8,8,9,15,19,23,31,36,41,44,54,63,72,82,89,97,114,131,167,198,228,259,294,334,368,408,448,475,495,525,561,594,646,663,686,714,740,785,814,849,890,902,913,935,947,953,953
E08000004,Oldham,0,0,0,0,0,0,0,0,0,0,0,0,0,0,0,0,0,0,0,0,0,0,0,0,0,0,0,0,0,0,0,0,1,1,1,2,2,4,4,4,6,6,7,9,10,10,14,15,17,22,25,35,40,46,58,72,86,97,110,120,138,151,173,196,216,229,242,261,281,294,305,332,355,370,377,388,412,437,454,472,489,510,521,529,529
E10000025,Oxfordshire,0,0,0,0,0,0,0,0,0,0,0,0,0,0,0,0,0,0,0,0,0,0,0,0,0,0,0,0,0,0,0,0,1,4,4,4,7,8,9,12,18,23,24,27,27,32,35,44,51,64,70,76,84,106,128,143,169,197,219,240,279,330,372,442,512,551,600,650,722,785,845,915,946,985,1038,1089,1127,1175,1222,1256,1285,1319,1335,1336,1336
E06000031,Peterborough,0,0,0,0,0,0,0,0,0,0,0,0,0,0,0,0,0,0,0,0,0,0,0,0,0,0,0,0,0,0,0,0,0,0,0,0,0,0,0,0,0,0,0,0,2,2,2,2,3,4,9,12,16,19,21,22,26,32,37,40,46,50,56,61,71,75,81,89,98,103,105,109,111,113,120,124,128,140,151,152,156,165,181,185,185
E06000026,Plymouth,0,0,0,0,0,0,0,0,0,0,0,0,0,0,0,0,0,0,0,0,0,0,0,0,0,0,0,0,0,0,0,0,0,0,0,0,0,0,0,0,1,1,1,3,3,6,7,7,10,12,14,16,16,19,26,29,38,41,44,49,56,58,66,78,92,102,103,108,116,120,129,142,143,150,162,178,189,193,200,202,215,224,240,256,256
E06000044,Portsmouth,0,0,0,0,0,0,0,0,0,0,0,0,0,0,0,0,0,0,0,0,0,0,0,0,0,0,0,0,0,0,0,0,0,0,0,0,0,0,0,1,1,1,2,3,6,9,14,17,20,24,27,28,36,45,51,65,70,73,78,80,84,85,91,96,106,112,122,132,140,151,161,170,183,190,194,205,217,223,231,236,237,238,244,249,249
E06000038,Reading,0,0,0,0,0,0,0,0,0,0,0,0,0,0,0,0,0,0,0,0,0,0,0,0,0,0,0,0,0,0,0,0,0,0,0,0,0,0,1,1,2,2,3,3,6,8,9,11,15,16,16,19,22,26,28,36,43,46,56,67,77,82,96,104,112,126,134,138,151,164,179,193,202,227,254,289,313,341,360,365,371,388,402,402,402
E09000026,Redbridge,0,0,0,0,0,0,0,0,0,0,0,0,0,0,0,0,0,0,0,0,0,0,0,0,1,1,1,1,1,1,1,1,2,2,2,2,2,2,2,2,2,2,2,5,8,13,19,27,39,51,56,66,78,95,106,121,136,157,172,191,216,242,264,292,312,336,358,384,431,460,490,501,512,536,555,569,576,589,596,600,607,622,632,638,639
E06000003,Redcar and Cleveland,0,0,0,0,0,0,0,0,0,0,0,0,0,0,0,0,0,0,0,0,0,0,0,0,0,0,0,0,0,0,0,0,0,0,0,0,0,0,0,0,1,1,1,1,1,1,1,2,2,3,3,4,7,9,11,14,20,30,41,48,55,63,74,81,98,111,119,128,140,140,149,158,174,182,196,201,206,212,218,222,230,238,256,259,259
E09000027,Richmond upon Thames,0,0,0,0,0,0,0,0,0,0,0,0,0,0,0,0,0,0,0,0,0,0,0,0,0,0,0,0,0,0,0,0,0,0,0,0,2,2,2,2,2,3,4,7,7,9,13,18,23,27,36,38,47,63,76,91,103,122,133,148,160,176,191,199,214,222,229,240,254,263,272,280,286,294,299,307,315,326,331,334,343,348,349,349,349
E08000005,Rochdale,0,0,0,0,0,0,0,0,0,0,0,0,0,0,0,0,0,0,0,0,0,0,0,0,0,0,0,0,0,0,0,0,0,0,0,0,0,0,0,1,2,3,3,4,4,5,8,13,14,15,18,24,26,36,43,50,65,76,89,97,108,127,143,152,168,185,196,206,219,237,253,266,271,272,278,287,304,316,323,327,335,362,378,382,382
E08000018,Rotherham,0,0,0,0,0,0,0,0,0,0,0,0,0,0,0,0,0,0,0,0,0,0,0,0,0,0,0,0,0,0,0,0,1,1,1,1,1,1,1,3,4,4,4,5,5,5,6,8,10,12,15,19,28,38,50,59,75,85,101,128,155,184,206,221,239,250,259,267,288,309,329,351,361,385,420,440,470,484,505,526,544,546,549,566,573
E06000017,Rutland,0,0,0,0,0,0,0,0,0,0,0,0,0,0,0,0,0,0,0,0,0,0,0,0,0,0,0,0,0,0,0,0,0,0,0,0,0,0,0,0,0,0,0,0,0,0,0,0,0,0,0,0,0,1,2,2,3,3,3,4,4,6,6,6,7,7,8,8,8,9,9,10,10,11,12,12,12,13,13,13,13,13,13,15,15
E08000006,Salford,0,0,0,0,0,0,0,0,0,0,0,0,0,0,0,0,0,0,0,0,0,0,0,0,0,0,0,0,0,0,0,0,0,0,0,0,0,0,0,0,1,1,2,4,4,4,9,11,14,21,30,38,45,56,72,78,96,109,127,141,162,191,209,230,242,258,276,304,314,326,330,352,362,373,382,394,413,444,464,476,487,502,514,514,514
E08000028,Sandwell,0,0,0,0,0,0,0,0,0,0,0,0,0,0,0,0,0,0,0,0,0,0,0,0,0,0,0,0,0,0,0,0,0,0,0,0,0,0,0,0,0,2,6,8,11,15,20,22,29,47,53,60,73,95,112,129,143,162,180,209,244,279,309,346,377,396,420,443,471,505,530,566,578,596,630,660,698,731,756,778,799,829,849,856,856
E08000014,Sefton,0,0,0,0,0,0,0,0,0,0,0,0,0,0,0,0,0,0,0,0,0,0,0,0,0,0,0,0,0,0,0,0,0,0,0,0,0,0,0,1,1,1,3,3,5,6,6,7,8,12,14,16,20,27,34,52,64,80,92,104,123,156,184,216,260,293,320,356,394,426,459,473,500,521,553,582,614,632,658,670,682,697,714,724,724
E08000019,Sheffield,0,0,0,0,0,0,0,0,0,0,0,0,0,0,0,0,0,0,0,0,0,0,0,0,0,0,0,0,0,0,1,2,2,3,4,6,6,9,12,12,18,18,20,24,30,36,50,63,81,107,132,169,212,273,332,380,427,454,519,581,656,766,829,881,924,966,1032,1096,1146,1196,1249,1306,1358,1392,1462,1510,1586,1633,1670,1729,1767,1798,1805,1835,1856
E06000051,Shropshire,0,0,0,0,0,0,0,0,0,0,0,0,0,0,0,0,0,0,0,0,0,0,0,0,0,0,0,0,0,0,0,0,0,0,0,0,0,1,2,3,5,12,22,22,22,22,22,22,26,28,33,35,40,44,54,58,72,82,95,108,116,125,138,146,165,173,180,191,200,218,232,238,246,262,279,294,304,319,340,348,360,370,397,402,402
E06000039,Slough,0,0,0,0,0,0,0,0,0,0,0,0,0,0,0,0,0,0,0,0,0,0,0,0,0,0,0,0,0,0,0,0,0,0,0,0,1,1,4,5,5,10,16,19,21,25,32,37,38,43,48,50,56,66,73,79,91,102,107,113,123,129,140,143,153,167,172,181,199,208,216,230,242,251,265,282,298,306,316,324,330,336,341,341,341
E08000029,Solihull,0,0,0,0,0,0,0,0,0,0,0,0,0,0,0,0,0,0,0,0,0,0,0,0,0,0,0,0,0,0,0,0,0,0,0,0,0,0,0,0,0,1,1,1,1,1,3,4,5,10,14,18,21,30,45,61,78,95,124,137,151,168,183,208,228,251,261,273,292,306,325,347,360,367,377,396,415,426,436,447,454,477,487,487,487
E10000027,Somerset,0,0,0,0,0,0,0,0,0,0,0,0,0,0,0,0,0,0,0,0,0,0,0,0,0,0,0,0,0,0,0,0,0,0,0,0,1,1,1,1,3,5,8,11,13,14,14,14,15,16,19,22,24,28,32,37,44,52,57,61,70,78,86,105,120,126,135,151,161,176,189,205,223,234,248,264,282,313,347,360,368,389,408,424,424
E06000025,South Gloucestershire,0,0,0,0,0,0,0,0,0,0,0,0,0,0,0,0,0,0,0,0,0,0,0,0,0,0,0,0,0,0,0,0,0,0,0,0,0,0,1,3,3,6,9,12,12,13,13,14,16,17,17,20,23,31,36,49,53,59,67,76,91,102,108,117,127,136,146,156,165,193,206,212,218,222,224,232,251,257,264,273,280,296,306,311,311
E08000023,South Tyneside,0,0,0,0,0,0,0,0,0,0,0,0,0,0,0,0,0,0,0,0,0,0,0,0,0,0,0,0,0,0,0,0,0,0,0,0,0,0,0,0,0,0,0,0,0,1,2,2,3,4,6,8,8,10,15,19,21,28,29,34,47,60,69,82,99,111,126,149,168,187,199,217,229,238,254,281,303,333,357,370,377,402,420,437,442
E06000045,Southampton,0,0,0,0,0,0,0,0,0,0,0,0,0,0,0,0,0,0,0,0,0,0,0,0,0,0,0,0,0,0,0,0,0,0,1,1,1,1,1,1,3,3,3,5,5,6,8,9,11,14,17,23,27,33,35,41,56,69,79,88,105,125,139,156,165,177,189,198,213,226,248,257,264,274,285,302,311,325,344,359,364,379,395,407,411
E06000033,Southend-on-Sea,0,0,0,0,0,0,0,0,0,0,0,0,0,0,0,0,0,0,0,0,0,0,0,0,0,0,0,0,0,0,0,0,0,0,1,1,1,1,1,2,2,2,3,3,4,4,6,8,8,8,8,9,13,19,25,27,35,42,48,59,72,87,103,117,135,150,159,178,196,201,207,217,221,228,238,245,251,254,255,256,261,268,270,271,271
E09000028,Southwark,0,0,0,0,0,0,0,0,0,0,0,0,0,0,0,0,0,0,0,0,0,0,0,0,0,0,2,2,2,3,3,3,4,4,5,6,8,9,11,18,24,35,45,53,63,75,91,110,130,145,168,181,209,253,284,313,345,393,425,459,511,545,601,641,689,726,751,790,837,878,919,949,976,987,1009,1030,1052,1072,1087,1104,1108,1118,1135,1137,1137
E08000013,St. Helens,0,0,0,0,0,0,0,0,0,0,0,0,0,0,0,0,0,0,0,0,0,0,0,0,0,0,0,0,0,0,0,0,0,0,0,0,0,0,0,0,0,1,1,2,2,3,3,3,5,6,10,12,14,18,29,40,52,66,76,96,119,137,166,192,222,252,273,301,329,344,365,376,386,400,409,418,446,469,491,500,503,517,546,556,556
E10000028,Staffordshire,0,0,0,0,0,0,0,0,0,0,0,0,0,0,0,0,0,0,0,0,0,0,0,0,0,0,0,0,0,0,0,0,1,2,3,4,4,4,4,5,6,7,10,16,20,27,35,40,51,64,79,97,111,137,158,196,234,269,292,337,378,419,473,531,578,620,652,693,750,799,856,916,955,990,1030,1081,1136,1187,1234,1281,1323,1373,1425,1451,1455
E08000007,Stockport,0,0,0,0,0,0,0,0,0,0,0,0,0,0,0,0,0,0,0,0,0,0,0,0,0,0,0,0,0,0,0,1,1,1,1,2,2,2,2,2,3,5,6,9,12,12,15,21,28,35,37,43,49,55,65,74,89,97,107,119,142,160,193,221,252,278,304,346,374,401,436,469,495,509,546,567,591,612,633,653,667,689,702,714,717
E06000004,Stockton-on-Tees,0,0,0,0,0,0,0,0,0,0,0,0,0,0,0,0,0,0,0,0,0,0,0,0,0,0,0,0,0,0,0,0,0,0,0,0,0,0,0,1,3,4,4,4,5,5,6,9,9,10,12,12,12,15,17,19,25,33,43,48,64,72,84,97,113,125,137,146,165,176,194,200,210,219,228,244,254,259,261,268,278,293,297,303,303
E06000021,Stoke-on-Trent,0,0,0,0,0,0,0,0,0,0,0,0,0,0,0,0,0,0,0,0,0,0,0,0,0,0,0,0,0,0,0,0,0,0,0,0,0,0,0,0,0,0,2,2,3,3,3,4,5,6,7,9,11,15,20,25,30,33,37,54,68,71,88,97,108,114,121,125,136,154,165,189,200,210,225,239,254,266,282,294,305,321,341,352,361
E10000029,Suffolk,0,0,0,0,0,0,0,0,0,0,0,0,0,0,0,0,0,0,0,0,0,0,0,0,0,0,0,0,0,0,0,0,0,0,0,0,0,1,1,1,3,4,7,8,10,16,17,21,25,26,30,39,46,62,72,77,95,115,121,141,164,190,219,240,270,289,320,350,377,415,442,475,502,529,547,568,604,656,687,749,780,836,846,850,850
E08000024,Sunderland,0,0,0,0,0,0,0,0,0,0,0,0,0,0,0,0,0,0,0,0,0,0,0,0,0,0,0,0,0,0,0,0,0,0,0,0,0,1,1,1,1,1,1,1,1,3,5,5,6,9,12,17,19,25,43,53,64,73,77,88,117,163,206,243,291,337,386,446,495,546,593,630,677,706,740,770,820,844,882,915,943,999,1020,1031,1037
E10000030,Surrey,0,0,0,0,0,0,0,0,0,0,0,0,0,0,0,0,0,0,0,0,0,0,0,0,0,0,1,1,1,2,2,2,2,4,4,4,6,6,8,11,16,21,37,42,51,60,73,92,126,148,174,198,234,284,325,379,434,490,546,595,695,759,851,921,985,1054,1120,1206,1323,1403,1467,1549,1614,1668,1763,1848,1959,2031,2093,2140,2172,2233,2280,2286,2288
E09000029,Sutton,0,0,0,0,0,0,0,0,0,0,0,0,0,0,0,0,0,0,0,0,0,0,0,0,0,0,0,0,0,0,0,0,0,0,1,1,2,3,3,4,6,6,8,12,14,14,17,21,26,29,39,44,53,78,95,107,120,141,158,169,192,211,248,277,297,303,313,337,366,395,417,431,451,456,510,535,561,579,594,597,604,614,621,622,622
E06000030,Swindon,0,0,0,0,0,0,0,0,0,0,0,0,0,0,0,0,0,0,0,0,0,0,0,0,0,0,0,0,0,0,0,0,0,1,1,1,2,2,2,2,2,2,2,4,4,5,5,6,8,8,9,9,12,15,19,22,27,30,31,36,42,46,54,66,73,85,95,104,121,136,155,169,186,196,211,228,240,256,267,273,287,304,311,322,322
E08000008,Tameside,0,0,0,0,0,0,0,0,0,0,0,0,0,0,0,0,0,0,0,0,0,0,0,0,0,0,0,0,0,0,0,0,0,0,0,0,1,1,1,1,2,3,7,9,11,14,16,19,22,26,28,36,40,43,48,52,60,68,75,88,98,116,131,149,162,177,191,219,229,254,268,278,285,303,322,335,347,363,374,381,387,395,405,407,407
E06000020,Telford and Wrekin,0,0,0,0,0,0,0,0,0,0,0,0,0,0,0,0,0,0,0,0,0,0,0,0,0,0,0,0,0,0,0,0,0,0,0,0,0,0,0,0,1,6,6,6,7,7,8,8,9,11,12,14,14,19,22,25,31,39,45,55,61,67,71,78,85,92,101,104,116,122,124,131,133,136,139,144,150,156,166,183,187,197,203,210,210
E06000034,Thurrock,0,0,0,0,0,0,0,0,0,0,0,0,0,0,0,0,0,0,0,0,0,0,0,0,0,0,0,0,0,0,0,0,0,0,0,0,0,0,0,0,1,2,2,2,3,3,5,8,13,14,14,17,22,31,33,37,47,59,66,73,83,93,103,120,125,133,142,150,164,182,187,191,199,204,212,216,218,227,231,235,236,242,244,245,245
E06000027,Torbay,0,0,0,0,0,0,0,0,0,0,0,0,0,0,0,0,0,0,0,0,0,0,0,0,0,0,0,0,0,0,0,0,4,4,4,4,5,6,6,6,6,6,6,6,6,7,8,9,10,10,15,16,17,19,21,22,27,33,36,37,42,49,52,54,54,58,61,63,69,72,93,98,99,101,104,107,110,111,127,130,152,162,168,177,177
E09000030,Tower Hamlets,0,0,0,0,0,0,0,0,0,0,0,0,0,0,0,0,0,0,0,0,0,0,0,0,0,0,0,0,0,0,0,0,0,0,2,3,4,5,6,8,10,11,16,19,22,25,28,34,45,55,66,74,78,89,106,133,167,189,201,221,236,261,285,311,345,365,384,409,426,448,463,478,491,505,519,526,538,548,550,554,560,569,577,581,582
E08000009,Trafford,0,0,0,0,0,0,0,0,0,0,0,0,0,0,0,0,0,0,0,0,0,0,0,0,0,0,0,0,0,0,0,0,3,3,4,4,4,4,4,4,7,7,10,12,13,15,16,16,21,25,32,36,45,50,60,70,85,93,106,114,133,146,174,201,227,243,262,284,303,333,349,371,385,395,404,425,433,451,461,475,483,498,520,523,525
E08000036,Wakefield,0,0,0,0,0,0,0,0,0,0,0,0,0,0,0,0,0,0,0,0,0,0,0,0,0,0,0,0,0,0,0,0,0,0,0,0,0,0,0,0,0,1,5,5,5,5,5,5,9,10,12,14,19,26,33,44,58,65,78,89,100,116,133,150,178,189,210,234,257,282,295,309,317,335,350,365,384,395,407,420,427,439,445,448,448
E08000030,Walsall,0,0,0,0,0,0,0,0,0,0,0,0,0,0,0,0,0,0,0,0,0,0,0,0,0,0,0,0,0,0,0,1,1,1,1,1,1,1,1,1,2,7,14,16,18,22,23,27,32,40,49,61,71,90,106,122,141,160,195,216,243,273,309,357,384,410,427,460,493,512,544,565,574,587,609,631,650,673,706,718,728,752,775,778,778
E09000031,Waltham Forest,0,0,0,0,0,0,0,0,0,0,0,0,0,0,0,0,0,0,0,0,0,0,0,0,0,0,0,0,0,0,0,0,0,0,0,1,2,2,2,3,3,5,6,8,11,15,17,22,33,42,55,67,70,91,102,126,160,187,208,232,256,292,317,344,374,395,421,446,466,487,512,528,543,561,580,596,621,628,634,647,658,671,678,681,683
E09000032,Wandsworth,0,0,0,0,0,0,0,0,0,0,0,0,0,0,0,0,0,0,0,0,0,0,0,0,0,0,0,0,0,0,0,1,2,3,3,3,3,3,5,7,16,26,38,42,53,65,78,98,113,130,153,169,185,212,240,284,316,346,366,389,415,456,493,531,558,584,601,635,661,687,711,741,755,761,775,793,812,831,849,860,864,873,879,880,880
E06000007,Warrington,0,0,0,0,0,0,0,0,0,0,0,0,0,0,0,0,0,0,0,0,0,0,0,0,0,0,0,0,0,0,0,0,0,0,0,0,0,0,0,1,1,1,3,3,3,4,4,4,4,6,7,8,10,15,18,19,22,32,40,50,68,87,104,129,145,161,184,215,246,284,305,333,350,358,374,403,416,442,455,466,473,493,516,516,516
E10000031,Warwickshire,0,0,0,0,0,0,0,0,0,0,0,0,0,0,0,0,0,0,0,0,0,0,0,0,1,1,1,1,1,1,1,1,3,3,5,7,7,7,7,8,11,13,17,20,21,24,32,36,51,59,71,80,87,115,135,149,177,195,221,247,287,307,336,387,427,462,486,523,560,592,632,662,696,718,746,766,793,831,857,899,930,957,976,976,976
E06000037,West Berkshire,0,0,0,0,0,0,0,0,0,0,0,0,0,0,0,0,0,0,0,0,0,0,0,0,0,0,0,0,0,0,0,0,0,0,0,0,0,1,1,1,1,1,3,3,4,5,6,7,10,11,14,21,22,30,33,40,44,49,55,58,69,73,87,92,101,114,120,126,137,142,144,157,166,173,185,197,206,223,233,248,254,270,275,276,276
E10000032,West Sussex,0,0,0,0,0,0,0,0,0,0,0,0,0,0,0,0,0,0,0,0,0,0,0,0,0,1,1,1,1,1,1,3,3,3,3,3,3,3,3,5,5,7,8,11,17,18,21,30,39,48,56,66,75,89,109,132,152,171,188,204,236,268,293,314,366,399,426,476,531,570,608,634,661,690,722,755,789,838,879,906,924,948,971,974,974
E09000033,Westminster,0,0,0,0,0,0,0,0,0,0,0,0,0,0,0,0,0,0,0,0,0,0,0,0,0,0,0,0,0,0,0,1,1,2,3,4,9,11,12,18,24,38,52,60,70,75,89,99,108,117,132,145,157,179,194,217,237,250,270,287,313,325,343,360,387,403,420,431,446,460,479,488,499,507,517,528,543,553,559,562,565,568,571,572,572
E08000010,Wigan,0,0,0,0,0,0,0,0,0,0,0,0,0,0,0,0,0,0,0,0,0,0,0,0,0,0,0,0,0,1,1,1,1,3,3,4,4,4,4,4,4,4,5,5,6,7,7,8,10,10,11,15,16,19,25,31,46,59,66,80,99,123,136,160,184,198,213,230,254,269,282,299,325,334,354,374,395,420,440,457,475,506,523,529,529
E06000054,Wiltshire,0,0,0,0,0,0,0,0,0,0,0,0,0,0,0,0,0,0,0,0,0,0,0,0,0,0,0,0,0,0,0,1,1,3,4,4,4,4,4,4,5,8,9,13,13,13,17,18,22,27,31,35,41,47,55,60,67,85,92,95,108,118,128,138,153,162,180,193,203,214,231,236,252,263,280,285,303,317,326,336,346,356,368,369,369
E06000040,Windsor and Maidenhead,0,0,0,0,0,0,0,0,0,0,0,0,0,0,0,0,0,0,0,0,0,0,0,0,0,0,0,0,0,0,0,0,0,0,0,0,1,1,1,2,4,7,11,11,14,15,17,18,18,24,29,31,37,44,46,55,60,64,72,74,83,90,99,103,107,116,120,123,133,136,146,148,157,163,165,175,184,198,205,207,211,217,217,217,217
E08000015,Wirral,0,0,0,0,0,0,0,0,0,0,0,0,0,0,0,0,0,0,0,0,0,0,0,0,0,0,0,0,0,0,0,1,1,1,1,1,1,1,3,3,3,4,5,6,8,8,10,10,10,11,13,16,21,28,38,44,55,70,83,105,123,139,157,209,253,295,338,385,434,482,522,552,587,614,649,695,733,759,789,808,835,850,873,877,877
E06000041,Wokingham,0,0,0,0,0,0,0,0,0,0,0,0,0,0,0,0,0,0,0,0,0,0,0,0,0,0,0,0,1,1,1,1,1,2,2,3,3,3,3,3,5,8,10,10,10,12,12,13,17,19,21,21,24,25,26,28,33,43,50,63,78,86,100,102,110,119,127,133,143,155,160,176,179,190,207,221,233,250,277,281,289,296,308,309,311
E08000031,Wolverhampton,0,0,0,0,0,0,0,0,0,0,0,0,0,0,0,0,0,0,0,0,0,0,0,0,0,0,0,0,0,0,0,0,0,0,0,1,1,4,5,5,8,13,18,29,37,40,44,59,65,72,87,98,103,112,136,147,160,186,204,216,237,260,279,296,307,327,337,359,374,406,425,450,460,469,497,514,530,555,582,598,610,632,651,656,656
E10000034,Worcestershire,0,0,0,0,0,0,0,0,0,0,0,0,0,1,1,1,1,1,1,1,1,1,1,1,1,1,1,1,1,1,1,1,1,1,1,1,1,1,1,3,6,10,14,14,15,19,22,28,33,42,56,69,78,92,109,131,154,176,211,239,284,321,355,386,422,438,462,498,541,582,621,652,689,711,736,784,826,861,911,944,959,986,997,997,997
E06000014,York,1,1,1,1,1,1,1,1,1,1,1,1,1,1,1,1,1,1,1,1,1,1,1,1,1,1,1,1,1,1,1,1,2,2,2,2,2,2,2,2,3,3,3,4,5,5,5,7,9,11,12,13,13,14,16,17,18,23,30,30,34,39,51,62,70,74,78,88,101,111,120,126,129,134,146,153,160,170,182,186,192,200,210,223,224
